日期,股票代码,名称,收盘价,最高价,最低价,开盘价,前收盘,涨跌额,涨跌幅,成交量,成交金额
2018-07-20,'600008,首创股份,4.15,4.17,4.1,4.11,4.12,0.03,0.7282,8017804,33190275.0
2018-07-19,'600008,首创股份,4.12,4.17,4.12,4.15,4.15,-0.03,-0.7229,7532400,31153010.0
2018-07-18,'600008,首创股份,4.15,4.21,4.14,4.16,4.15,0.0,0.0,13162600,54994895.0
2018-07-17,'600008,首创股份,4.15,4.16,4.12,4.15,4.16,-0.01,-0.2404,7076085,29265535.0
2018-07-16,'600008,首创股份,4.16,4.19,4.14,4.19,4.18,-0.02,-0.4785,6216394,25841652.0
2018-07-13,'600008,首创股份,4.18,4.22,4.17,4.2,4.22,-0.04,-0.9479,9868228,41294753.0
2018-07-12,'600008,首创股份,4.22,4.28,4.08,4.08,4.11,0.11,2.6764,23547457,98765988.0
2018-07-11,'600008,首创股份,4.11,4.18,4.1,4.18,4.22,-0.11,-2.6066,11265176,46553974.0
2018-07-10,'600008,首创股份,4.22,4.25,4.18,4.22,4.21,0.01,0.2375,11830708,49840249.0
2018-07-09,'600008,首创股份,4.21,4.23,4.18,4.2,4.18,0.03,0.7177,12461261,52399204.0
2018-07-06,'600008,首创股份,4.18,4.2,4.1,4.18,4.19,-0.01,-0.2387,13370113,55594438.0
2018-07-05,'600008,首创股份,4.19,4.22,4.13,4.18,4.18,0.01,0.2392,17956436,75097336.0
2018-07-04,'600008,首创股份,4.18,4.19,4.11,4.18,4.18,0.0,0.0,12621613,52409409.0
2018-07-03,'600008,首创股份,4.18,4.2,4.13,4.17,4.15,0.03,0.7229,12158566,50751406.0
2018-07-02,'600008,首创股份,4.15,4.22,4.09,4.21,4.22,-0.07,-1.6588,12457456,51752751.0
2018-06-29,'600008,首创股份,4.22,4.23,4.06,4.18,4.17,0.05,1.199,19462964,81065071.0
2018-06-28,'600008,首创股份,4.17,4.31,4.15,4.29,4.3,-0.13,-3.0233,14266152,60667539.0
2018-06-27,'600008,首创股份,4.3,4.31,4.25,4.29,4.28,0.02,0.4673,9673945,41421439.0
2018-06-26,'600008,首创股份,4.28,4.3,4.23,4.26,4.28,0.0,0.0,8799914,37555789.0
2018-06-25,'600008,首创股份,4.28,4.36,4.27,4.36,4.3,-0.02,-0.4651,10179018,43917988.0
2018-06-22,'600008,首创股份,4.3,4.31,4.21,4.26,4.29,0.01,0.2331,10175855,43572371.0
2018-06-21,'600008,首创股份,4.29,4.42,4.23,4.37,4.39,-0.1,-2.2779,19722941,85738079.0
2018-06-20,'600008,首创股份,4.39,4.41,4.32,4.38,4.43,-0.04,-0.9029,19822847,86589405.0
2018-06-19,'600008,首创股份,4.43,4.48,4.26,4.3,4.35,0.08,1.8391,77298397,337508406.0
2018-06-15,'600008,首创股份,4.35,4.35,4.25,4.32,4.32,0.03,0.6944,17775256,76695998.0
2018-06-14,'600008,首创股份,4.32,4.32,4.26,4.27,4.31,0.01,0.232,11425165,49063793.0
2018-06-13,'600008,首创股份,4.31,4.32,4.21,4.31,4.31,0.0,0.0,16328342,69641563.0
2018-06-12,'600008,首创股份,4.31,4.33,4.28,4.3,4.29,0.02,0.4662,9461921,40776201.0
2018-06-11,'600008,首创股份,4.29,4.3,4.26,4.3,4.32,-0.03,-0.6944,9033401,38669338.0
2018-06-08,'600008,首创股份,4.32,4.4,4.24,4.4,4.41,-0.09,-2.0408,22137365,95074168.0
2018-06-07,'600008,首创股份,4.41,4.49,4.41,4.48,4.46,-0.05,-1.1211,9833371,43724934.0
2018-06-06,'600008,首创股份,4.46,4.48,4.45,4.48,4.49,-0.03,-0.6682,8776620,39160030.0
2018-06-05,'600008,首创股份,4.49,4.49,4.44,4.47,4.46,0.03,0.6726,11048401,49314575.0
2018-06-04,'600008,首创股份,4.46,4.5,4.44,4.48,4.47,-0.01,-0.2237,9348701,41737624.0
2018-06-01,'600008,首创股份,4.47,4.58,4.44,4.58,4.56,-0.09,-1.9737,13073624,59002634.0
2018-05-31,'600008,首创股份,4.56,4.61,4.53,4.55,4.54,0.02,0.4405,14730665,67246834.0
2018-05-30,'600008,首创股份,4.54,4.74,4.52,4.74,4.78,-0.24,-5.0209,20968278,97180065.0
2018-05-29,'600008,首创股份,4.78,4.79,4.7,4.75,4.76,0.02,0.4202,23714353,112606623.0
2018-05-28,'600008,首创股份,4.76,4.84,4.75,4.82,4.82,-0.06,-1.2448,14070302,67195688.0
2018-05-25,'600008,首创股份,4.82,4.84,4.76,4.76,4.78,0.04,0.8368,14629096,70281855.0
2018-05-24,'600008,首创股份,4.78,4.84,4.77,4.83,4.84,-0.06,-1.2397,13760264,66222582.0
2018-05-23,'600008,首创股份,4.84,4.89,4.82,4.89,4.9,-0.06,-1.2245,17754088,85923130.0
2018-05-22,'600008,首创股份,4.9,4.91,4.84,4.86,4.85,0.05,1.0309,29692543,144922821.0
2018-05-21,'600008,首创股份,4.85,4.92,4.84,4.89,4.82,0.03,0.6224,24778404,120894462.0
2018-05-18,'600008,首创股份,4.82,4.83,4.75,4.77,4.77,0.05,1.0482,13622908,65349808.0
2018-05-17,'600008,首创股份,4.77,4.84,4.76,4.84,4.83,-0.06,-1.2422,12344331,59110107.0
2018-05-16,'600008,首创股份,4.83,4.84,4.78,4.8,4.8,0.03,0.625,14459543,69671603.0
2018-05-15,'600008,首创股份,4.8,4.81,4.78,4.78,4.78,0.02,0.4184,9690589,46461991.0
2018-05-14,'600008,首创股份,4.78,4.82,4.77,4.82,4.82,-0.04,-0.8299,10586119,50718854.0
2018-05-11,'600008,首创股份,4.82,4.88,4.81,4.86,4.86,-0.04,-0.823,13610586,65635342.0
2018-05-10,'600008,XD首创股,4.86,4.88,4.84,4.88,4.87,-0.01,-0.2053,13780404,66886648.0
2018-05-09,'600008,首创股份,4.95,4.96,4.91,4.93,4.93,0.02,0.4057,15838496,78151593.0
2018-05-08,'600008,首创股份,4.93,4.96,4.86,4.89,4.88,0.05,1.0246,18668732,91926255.0
2018-05-07,'600008,首创股份,4.88,4.88,4.84,4.85,4.84,0.04,0.8264,11360133,55255377.0
2018-05-04,'600008,首创股份,4.84,4.87,4.82,4.84,4.84,0.0,0.0,7943598,38479698.0
2018-05-03,'600008,首创股份,4.84,4.88,4.8,4.87,4.87,-0.03,-0.616,14656983,70858865.0
2018-05-02,'600008,首创股份,4.87,4.94,4.86,4.92,4.92,-0.05,-1.0163,11178937,54788979.0
2018-04-27,'600008,首创股份,4.92,4.93,4.81,4.88,4.9,0.02,0.4082,27705257,135449898.0
2018-04-26,'600008,首创股份,4.9,4.92,4.75,4.91,4.9,0.0,0.0,31275425,151288259.0
2018-04-25,'600008,首创股份,4.9,4.94,4.89,4.94,4.96,-0.06,-1.2097,18816452,92438684.0
2018-04-24,'600008,首创股份,4.96,4.97,4.89,4.92,4.94,0.02,0.4049,22937824,113278278.0
2018-04-23,'600008,首创股份,4.94,4.98,4.85,4.97,4.97,-0.03,-0.6036,46216219,227307001.0
2018-04-20,'600008,首创股份,4.97,4.99,4.86,4.94,4.94,0.03,0.6073,39089458,192767993.0
2018-04-19,'600008,首创股份,4.94,4.97,4.83,4.85,4.85,0.09,1.8557,29872405,146669879.0
2018-04-18,'600008,首创股份,4.85,4.93,4.77,4.91,4.88,-0.03,-0.6148,23659878,114563310.0
2018-04-17,'600008,首创股份,4.88,4.97,4.85,4.93,4.93,-0.05,-1.0142,20322523,99698866.0
2018-04-16,'600008,首创股份,4.93,4.97,4.84,4.97,4.92,0.01,0.2033,23449872,115115908.0
2018-04-13,'600008,首创股份,4.92,5.0,4.91,4.99,4.96,-0.04,-0.8065,18989985,93881065.0
2018-04-12,'600008,首创股份,4.96,5.04,4.96,5.03,5.03,-0.07,-1.3917,19353639,96629844.0
2018-04-11,'600008,首创股份,5.03,5.06,5.01,5.03,5.02,0.01,0.1992,21279913,107053106.0
2018-04-10,'600008,首创股份,5.02,5.03,4.97,4.99,4.97,0.05,1.006,22056228,110297776.0
2018-04-09,'600008,首创股份,4.97,5.04,4.95,5.0,5.01,-0.04,-0.7984,28286504,140828578.0
2018-04-04,'600008,首创股份,5.01,5.15,5.0,5.11,5.1,-0.09,-1.7647,36958066,187870757.0
2018-04-03,'600008,首创股份,5.1,5.21,5.09,5.21,5.23,-0.13,-2.4857,41533520,213013369.0
2018-04-02,'600008,首创股份,5.23,5.35,5.21,5.35,5.35,-0.12,-2.243,63091616,331829891.0
2018-03-30,'600008,首创股份,5.35,5.44,5.26,5.29,5.26,0.09,1.711,71481873,382911156.0
2018-03-29,'600008,首创股份,5.26,5.39,5.21,5.29,5.33,-0.07,-1.3133,83255423,440166254.0
2018-03-28,'600008,首创股份,5.33,5.45,5.11,5.12,5.19,0.14,2.6975,121123453,645220322.0
2018-03-27,'600008,首创股份,5.19,5.23,5.15,5.22,5.15,0.04,0.7767,50053405,259448009.0
2018-03-26,'600008,首创股份,5.15,5.17,4.91,5.02,5.12,0.03,0.5859,41149916,208993928.0
2018-03-23,'600008,首创股份,5.12,5.13,4.8,5.02,5.12,0.0,0.0,123161286,621644085.0
2018-03-22,'600008,首创股份,5.12,5.13,5.02,5.06,5.11,0.01,0.1957,33481559,170456143.0
2018-03-21,'600008,首创股份,5.11,5.19,5.05,5.1,5.11,0.0,0.0,33877354,173318551.0
2018-03-20,'600008,首创股份,5.11,5.15,5.0,5.08,5.1,0.01,0.1961,38969030,197725348.0
2018-03-19,'600008,首创股份,5.1,5.16,5.06,5.1,5.06,0.04,0.7905,26737204,136889892.0
2018-03-16,'600008,首创股份,5.06,5.13,5.05,5.1,5.13,-0.07,-1.3645,24300993,123675301.0
2018-03-15,'600008,首创股份,5.13,5.25,5.08,5.11,5.12,0.01,0.1953,36619743,188753697.0
2018-03-14,'600008,首创股份,5.12,5.2,5.11,5.17,5.17,-0.05,-0.9671,30980442,159380866.0
2018-03-13,'600008,首创股份,5.17,5.24,5.16,5.22,5.25,-0.08,-1.5238,32545407,169096019.0
2018-03-12,'600008,首创股份,5.25,5.28,5.14,5.2,5.24,0.01,0.1908,63009242,326820741.0
2018-03-09,'600008,首创股份,5.24,5.38,5.17,5.28,5.3,-0.06,-1.1321,102205098,538694984.0
2018-03-08,'600008,首创股份,5.3,5.43,4.94,4.97,4.98,0.32,6.4257,136526419,709710778.0
2018-03-07,'600008,首创股份,4.98,5.05,4.97,5.03,5.06,-0.08,-1.581,31561817,157858184.0
2018-03-06,'600008,首创股份,5.06,5.09,4.97,4.99,4.98,0.08,1.6064,44873904,225952662.0
2018-03-05,'600008,首创股份,4.98,5.02,4.95,5.0,5.01,-0.03,-0.5988,26159776,130246776.0
2018-03-02,'600008,首创股份,5.01,5.04,4.92,4.94,4.97,0.04,0.8048,40779057,203998632.0
2018-03-01,'600008,首创股份,4.97,5.0,4.92,4.92,4.97,0.0,0.0,30583320,151752739.0
2018-02-28,'600008,首创股份,4.97,5.04,4.89,4.9,4.96,0.01,0.2016,39053109,194732054.0
2018-02-27,'600008,首创股份,4.96,5.04,4.94,5.04,5.04,-0.08,-1.5873,43203335,215258495.0
2018-02-26,'600008,首创股份,5.04,5.05,4.88,5.0,4.93,0.11,2.2312,58959270,293719727.0
2018-02-23,'600008,首创股份,4.93,5.14,4.9,5.0,4.87,0.06,1.232,82327232,412486499.0
2018-02-22,'600008,首创股份,4.87,5.01,4.64,4.7,4.64,0.23,4.9569,59115515,285653255.0
2018-02-14,'600008,首创股份,4.64,4.65,4.58,4.6,4.6,0.04,0.8696,19847182,91766682.0
2018-02-13,'600008,首创股份,4.6,4.74,4.53,4.55,4.5,0.1,2.2222,29488305,136418471.0
2018-02-12,'600008,首创股份,4.5,4.53,4.45,4.47,4.44,0.06,1.3514,17216682,77448289.0
2018-02-09,'600008,首创股份,4.44,4.64,4.29,4.58,4.69,-0.25,-5.3305,37247861,167323368.0
2018-02-08,'600008,首创股份,4.69,4.72,4.6,4.64,4.64,0.05,1.0776,21295529,99781723.0
2018-02-07,'600008,首创股份,4.64,4.75,4.54,4.72,4.62,0.02,0.4329,32344935,150544558.0
2018-02-06,'600008,首创股份,4.62,4.95,4.6,4.95,5.02,-0.4,-7.9681,50612781,243156927.0
2018-02-05,'600008,首创股份,5.02,5.06,4.97,5.06,5.05,-0.03,-0.5941,28116591,140885790.0
2018-02-02,'600008,首创股份,5.05,5.06,4.88,5.0,5.0,0.05,1.0,28954059,144126271.0
2018-02-01,'600008,首创股份,5.0,5.22,4.99,5.2,5.17,-0.17,-3.2882,48676883,247878541.0
2018-01-31,'600008,首创股份,5.17,5.28,5.16,5.27,5.27,-0.1,-1.8975,34805800,180900428.0
2018-01-30,'600008,首创股份,5.27,5.34,5.25,5.3,5.31,-0.04,-0.7533,25766418,136307068.0
2018-01-29,'600008,首创股份,5.31,5.48,5.29,5.45,5.44,-0.13,-2.3897,45444450,244122990.0
2018-01-26,'600008,首创股份,5.44,5.56,5.43,5.51,5.51,-0.07,-1.2704,39157677,214828657.0
2018-01-25,'600008,首创股份,5.51,5.58,5.44,5.47,5.5,0.01,0.1818,59794239,330118665.0
2018-01-24,'600008,首创股份,5.5,5.55,5.39,5.46,5.48,0.02,0.365,62650065,343228471.0
2018-01-23,'600008,首创股份,5.48,5.51,5.43,5.47,5.48,0.0,0.0,43267581,236638115.0
2018-01-22,'600008,首创股份,5.48,5.53,5.4,5.49,5.46,0.02,0.3663,45707977,249537672.0
2018-01-19,'600008,首创股份,5.46,5.51,5.38,5.41,5.41,0.05,0.9242,46505976,253884617.0
2018-01-18,'600008,首创股份,5.41,5.48,5.4,5.43,5.45,-0.04,-0.7339,31967348,173491764.0
2018-01-17,'600008,首创股份,5.45,5.48,5.28,5.39,5.37,0.08,1.4898,64575525,348757501.0
2018-01-16,'600008,首创股份,5.37,5.38,5.27,5.28,5.32,0.05,0.9398,35133207,187071212.0
2018-01-15,'600008,首创股份,5.32,5.5,5.3,5.49,5.47,-0.15,-2.7422,46877722,252511163.0
2018-01-12,'600008,首创股份,5.47,5.55,5.43,5.44,5.46,0.01,0.1832,49430288,271596215.0
2018-01-11,'600008,首创股份,5.46,5.48,5.4,5.48,5.5,-0.04,-0.7273,43902911,239009959.0
2018-01-10,'600008,首创股份,5.5,5.58,5.47,5.56,5.61,-0.11,-1.9608,54161625,298634156.0
2018-01-09,'600008,首创股份,5.61,5.73,5.54,5.67,5.66,-0.05,-0.8834,78993998,442781947.0
2018-01-08,'600008,首创股份,5.66,5.72,5.63,5.64,5.73,-0.07,-1.2216,78992003,447402918.0
2018-01-05,'600008,首创股份,5.73,5.79,5.61,5.66,5.81,-0.08,-1.3769,154515111,878840735.0
2018-01-04,'600008,首创股份,5.81,6.07,5.76,6.01,5.72,0.09,1.5734,291475185,1723203348.0
2018-01-03,'600008,首创股份,5.72,5.72,5.29,5.3,5.2,0.52,10.0,142584075,794406698.0
2018-01-02,'600008,首创股份,5.2,5.22,5.13,5.15,5.14,0.06,1.1673,35174413,182126121.0
2017-12-29,'600008,首创股份,5.14,5.16,5.11,5.15,5.13,0.01,0.1949,17999569,92268432.0
2017-12-28,'600008,首创股份,5.13,5.17,5.07,5.09,5.11,0.02,0.3914,25796464,132109594.0
2017-12-27,'600008,首创股份,5.11,5.18,5.1,5.15,5.14,-0.03,-0.5837,27304481,140084251.0
2017-12-26,'600008,首创股份,5.14,5.15,5.04,5.06,5.06,0.08,1.581,26612040,135663875.0
2017-12-25,'600008,首创股份,5.06,5.19,5.05,5.17,5.19,-0.13,-2.5048,34243742,175158950.0
2017-12-22,'600008,首创股份,5.19,5.24,5.17,5.23,5.2,-0.01,-0.1923,21077824,109641829.0
2017-12-21,'600008,首创股份,5.2,5.22,5.16,5.21,5.18,0.02,0.3861,24460449,127036589.0
2017-12-20,'600008,首创股份,5.18,5.32,5.16,5.31,5.29,-0.11,-2.0794,30682987,160358334.0
2017-12-19,'600008,首创股份,5.29,5.3,5.21,5.24,5.24,0.05,0.9542,30632046,161174375.0
2017-12-18,'600008,首创股份,5.24,5.3,5.21,5.28,5.31,-0.07,-1.3183,26787483,140582634.0
2017-12-15,'600008,首创股份,5.31,5.34,5.2,5.22,5.23,0.08,1.5296,55921841,295220162.0
2017-12-14,'600008,首创股份,5.23,5.27,5.17,5.23,5.22,0.01,0.1916,28339219,148149785.0
2017-12-13,'600008,首创股份,5.22,5.24,5.13,5.17,5.17,0.05,0.9671,22740611,118372947.0
2017-12-12,'600008,首创股份,5.17,5.24,5.16,5.23,5.23,-0.06,-1.1472,18914931,98170857.0
2017-12-11,'600008,首创股份,5.23,5.25,5.17,5.18,5.2,0.03,0.5769,27789240,144871903.0
2017-12-08,'600008,首创股份,5.2,5.26,5.14,5.15,5.15,0.05,0.9709,27492343,142916685.0
2017-12-07,'600008,首创股份,5.15,5.23,5.14,5.18,5.18,-0.03,-0.5792,21907894,113402513.0
2017-12-06,'600008,首创股份,5.18,5.24,5.11,5.15,5.15,0.03,0.5825,26568164,137383171.0
2017-12-05,'600008,首创股份,5.15,5.28,5.11,5.24,5.23,-0.08,-1.5296,32791726,170053293.0
2017-12-04,'600008,首创股份,5.23,5.38,5.22,5.36,5.39,-0.16,-2.9685,30259193,160079056.0
2017-12-01,'600008,首创股份,5.39,5.4,5.32,5.32,5.32,0.07,1.3158,22078056,118618890.0
2017-11-30,'600008,首创股份,5.32,5.45,5.31,5.4,5.47,-0.15,-2.7422,37518548,201516030.0
2017-11-29,'600008,首创股份,5.47,5.55,5.4,5.53,5.51,-0.04,-0.726,40615461,221949649.0
2017-11-28,'600008,首创股份,5.51,5.62,5.41,5.47,5.44,0.07,1.2868,48271474,265768568.0
2017-11-27,'600008,首创股份,5.44,5.54,5.39,5.43,5.44,0.0,0.0,58601603,320766700.0
2017-11-24,'600008,首创股份,5.44,5.5,5.19,5.23,5.29,0.15,2.8355,77119172,415638138.0
2017-11-23,'600008,首创股份,5.29,5.62,5.15,5.19,5.21,0.08,1.5355,96019270,518849582.0
2017-11-22,'600008,首创股份,5.21,5.23,5.15,5.2,5.2,0.01,0.1923,29670240,154063128.0
2017-11-21,'600008,首创股份,5.2,5.25,5.15,5.2,5.21,-0.01,-0.1919,26837419,139698226.0
2017-11-20,'600008,首创股份,5.21,5.22,5.12,5.16,5.21,0.0,0.0,26942026,139229025.0
2017-11-17,'600008,首创股份,5.21,5.5,5.15,5.49,5.46,-0.25,-4.5788,57481114,305007470.0
2017-11-16,'600008,首创股份,5.46,5.57,5.45,5.53,5.55,-0.09,-1.6216,35286915,194326565.0
2017-11-15,'600008,首创股份,5.55,5.64,5.54,5.59,5.63,-0.08,-1.421,28572056,159232905.0
2017-11-14,'600008,首创股份,5.63,5.71,5.53,5.55,5.55,0.08,1.4414,55883142,315407998.0
2017-11-13,'600008,首创股份,5.55,5.61,5.51,5.59,5.59,-0.04,-0.7156,33980609,188347977.0
2017-11-10,'600008,首创股份,5.59,5.68,5.56,5.68,5.68,-0.09,-1.5845,41999760,235246946.0
2017-11-09,'600008,首创股份,5.68,5.71,5.65,5.69,5.7,-0.02,-0.3509,26739448,151810223.0
2017-11-08,'600008,首创股份,5.7,5.74,5.68,5.7,5.72,-0.02,-0.3497,30045100,171627299.0
2017-11-07,'600008,首创股份,5.72,5.73,5.63,5.72,5.69,0.03,0.5272,36806840,209244826.0
2017-11-06,'600008,首创股份,5.69,5.7,5.52,5.63,5.63,0.06,1.0657,36599092,205875704.0
2017-11-03,'600008,首创股份,5.63,5.75,5.57,5.73,5.77,-0.14,-2.4263,43484366,245770341.0
2017-11-02,'600008,首创股份,5.77,5.87,5.69,5.85,5.83,-0.06,-1.0292,49834708,287459418.0
2017-11-01,'600008,首创股份,5.83,5.92,5.82,5.9,5.89,-0.06,-1.0187,37056905,216903488.0
2017-10-31,'600008,首创股份,5.89,5.95,5.85,5.91,5.91,-0.02,-0.3384,30381813,179019741.0
2017-10-30,'600008,首创股份,5.91,6.13,5.83,6.12,6.11,-0.2,-3.2733,58066317,343919679.0
2017-10-27,'600008,首创股份,6.11,6.18,6.07,6.17,6.16,-0.05,-0.8117,40408694,247062916.0
2017-10-26,'600008,首创股份,6.16,6.21,6.13,6.18,6.18,-0.02,-0.3236,34988072,215641880.0
2017-10-25,'600008,首创股份,6.18,6.26,6.15,6.18,6.17,0.01,0.1621,36815157,228376463.0
2017-10-24,'600008,首创股份,6.17,6.24,6.11,6.23,6.25,-0.08,-1.28,43596133,268309340.0
2017-10-23,'600008,首创股份,6.25,6.32,6.07,6.11,6.1,0.15,2.459,67999417,423906638.0
2017-10-20,'600008,首创股份,6.1,6.11,6.02,6.05,6.08,0.02,0.3289,34448900,209458869.0
2017-10-19,'600008,首创股份,6.08,6.25,6.06,6.25,6.27,-0.19,-3.0303,62646366,383815161.0
2017-10-18,'600008,首创股份,6.27,6.44,6.26,6.29,6.25,0.02,0.32,61315082,388745811.0
2017-10-17,'600008,首创股份,6.25,6.35,6.2,6.24,6.26,-0.01,-0.1597,33736489,211364865.0
2017-10-16,'600008,首创股份,6.26,6.5,6.25,6.48,6.47,-0.21,-3.2457,75095333,476399690.0
2017-10-13,'600008,首创股份,6.47,6.49,6.13,6.2,6.2,0.27,4.3548,134984683,859196873.0
2017-10-12,'600008,首创股份,6.2,6.28,6.16,6.21,6.21,-0.01,-0.161,41584715,258242575.0
2017-10-11,'600008,首创股份,6.21,6.39,6.19,6.39,6.4,-0.19,-2.9688,74963104,470272729.0
2017-10-10,'600008,首创股份,6.4,6.42,6.33,6.4,6.41,-0.01,-0.156,41234292,262608198.0
2017-10-09,'600008,首创股份,6.41,6.5,6.38,6.45,6.4,0.01,0.1563,49376719,317432555.0
2017-09-29,'600008,首创股份,6.4,6.41,6.32,6.34,6.29,0.11,1.7488,58083251,370001474.0
2017-09-28,'600008,首创股份,6.29,6.38,6.27,6.32,6.3,-0.01,-0.1587,53496544,337981388.0
2017-09-27,'600008,首创股份,6.3,6.36,6.28,6.35,6.32,-0.02,-0.3165,36447422,229923165.0
2017-09-26,'600008,首创股份,6.32,6.35,6.27,6.3,6.26,0.06,0.9585,40168597,253613152.0
2017-09-25,'600008,首创股份,6.26,6.4,6.25,6.3,6.34,-0.08,-1.2618,47444100,299740645.0
2017-09-22,'600008,首创股份,6.34,6.56,6.32,6.48,6.44,-0.1,-1.5528,67312296,434311007.0
2017-09-21,'600008,首创股份,6.44,6.6,6.43,6.6,6.63,-0.19,-2.8658,76662500,499467086.0
2017-09-20,'600008,首创股份,6.63,6.66,6.46,6.63,6.64,-0.01,-0.1506,93913538,617435847.0
2017-09-19,'600008,首创股份,6.64,6.7,6.61,6.68,6.64,0.0,0.0,57804682,384619627.0
2017-09-18,'600008,首创股份,6.64,6.71,6.61,6.65,6.66,-0.02,-0.3003,68167025,452670714.0
2017-09-15,'600008,首创股份,6.66,6.78,6.66,6.73,6.78,-0.12,-1.7699,102876800,690072062.0
2017-09-14,'600008,首创股份,6.78,6.96,6.71,6.9,6.92,-0.14,-2.0231,192573144,1313359544.0
2017-09-13,'600008,首创股份,6.92,7.03,6.85,6.93,6.96,-0.04,-0.5747,215735450,1492357839.0
2017-09-12,'600008,首创股份,6.96,7.04,6.77,6.82,6.82,0.14,2.0528,327221666,2264956930.0
2017-09-11,'600008,首创股份,6.82,6.85,6.62,6.66,6.7,0.12,1.791,214691837,1454034539.0
2017-09-08,'600008,首创股份,6.7,6.77,6.62,6.71,6.71,-0.01,-0.149,108957070,728558176.0
2017-09-07,'600008,首创股份,6.71,6.84,6.69,6.78,6.76,-0.05,-0.7396,117954672,799101610.0
2017-09-06,'600008,首创股份,6.76,6.8,6.7,6.75,6.8,-0.04,-0.5882,75579748,509279421.0
2017-09-05,'600008,首创股份,6.8,6.92,6.68,6.85,6.86,-0.06,-0.8746,151258399,1027844079.0
2017-09-04,'600008,首创股份,6.86,6.87,6.63,6.67,6.71,0.15,2.2355,194386606,1322946477.0
2017-09-01,'600008,首创股份,6.71,6.86,6.65,6.67,6.64,0.07,1.0542,139857207,944164917.0
2017-08-31,'600008,首创股份,6.64,6.7,6.56,6.67,6.72,-0.08,-1.1905,126576577,836258833.0
2017-08-30,'600008,首创股份,6.72,6.81,6.69,6.76,6.77,-0.05,-0.7386,94867124,639053296.0
2017-08-29,'600008,首创股份,6.77,6.87,6.69,6.84,6.82,-0.05,-0.7331,120893546,818358165.0
2017-08-28,'600008,首创股份,6.82,6.86,6.67,6.7,6.71,0.11,1.6393,134029215,908999431.0
2017-08-25,'600008,首创股份,6.71,6.73,6.52,6.64,6.64,0.07,1.0542,107370135,712284666.0
2017-08-24,'600008,首创股份,6.64,6.73,6.57,6.62,6.59,0.05,0.7587,92770832,615923836.0
2017-08-23,'600008,首创股份,6.59,6.81,6.56,6.7,6.82,-0.23,-3.3724,135349854,904517691.0
2017-08-22,'600008,首创股份,6.82,7.02,6.75,6.95,6.88,-0.06,-0.8721,146330747,1006001497.0
2017-08-21,'600008,首创股份,6.88,6.9,6.73,6.87,6.84,0.04,0.5848,135657730,921962715.0
2017-08-18,'600008,首创股份,6.84,7.08,6.81,6.83,6.92,-0.08,-1.1561,234232493,1625441341.0
2017-08-17,'600008,首创股份,6.92,7.02,6.67,6.72,6.68,0.24,3.5928,291713759,2003195456.0
2017-08-16,'600008,首创股份,6.68,6.84,6.66,6.8,6.84,-0.16,-2.3392,218375756,1467795895.0
2017-08-15,'600008,首创股份,6.84,7.04,6.78,6.89,6.78,0.06,0.885,419603766,2891960064.0
2017-08-14,'600008,首创股份,6.78,6.78,6.2,6.2,6.16,0.62,10.0649,392691012,2603156616.0
2017-08-11,'600008,首创股份,6.16,6.3,6.06,6.11,6.14,0.02,0.3257,117113542,724611869.0
2017-08-10,'600008,首创股份,6.14,6.29,6.08,6.29,6.28,-0.14,-2.2293,97841781,603637105.0
2017-08-09,'600008,首创股份,6.28,6.37,6.16,6.23,6.24,0.04,0.641,106940489,673829385.0
2017-08-08,'600008,首创股份,6.24,6.45,6.2,6.38,6.24,0.0,0.0,118763044,748504823.0
2017-08-07,'600008,首创股份,6.24,6.33,6.08,6.11,6.12,0.12,1.9608,99064094,618383181.0
2017-08-04,'600008,首创股份,6.12,6.29,6.11,6.18,6.18,-0.06,-0.9709,91801153,567786333.0
2017-08-03,'600008,首创股份,6.18,6.42,6.16,6.27,6.28,-0.1,-1.5924,137331565,861712298.0
2017-08-02,'600008,首创股份,6.28,6.45,6.1,6.14,6.18,0.1,1.6181,206338884,1287255941.0
2017-08-01,'600008,首创股份,6.18,6.28,5.93,5.94,5.88,0.3,5.102,202763931,1242209671.0
2017-07-31,'600008,首创股份,5.88,5.95,5.8,5.83,5.82,0.06,1.0309,61449464,361168490.0
2017-07-28,'600008,首创股份,5.82,5.9,5.81,5.88,5.9,-0.08,-1.3559,51046078,298122126.0
2017-07-27,'600008,首创股份,5.9,5.96,5.86,5.94,5.94,-0.04,-0.6734,57962749,342069287.0
2017-07-26,'600008,首创股份,5.94,6.0,5.88,5.92,5.91,0.03,0.5076,63743319,378031346.0
2017-07-25,'600008,首创股份,5.91,6.04,5.88,6.01,6.06,-0.15,-2.4752,87944605,521695521.0
2017-07-24,'600008,首创股份,6.06,6.15,5.8,5.83,5.83,0.23,3.9451,145546265,873336422.0
2017-07-21,'600008,首创股份,5.83,5.94,5.58,5.63,5.66,0.17,3.0035,131451088,762352982.0
2017-07-20,'600008,首创股份,5.66,5.73,5.6,5.63,5.64,0.02,0.3546,75013549,426041145.0
2017-07-19,'600008,首创股份,5.64,5.64,5.54,5.56,5.59,0.05,0.8945,79641044,446455500.0
2017-07-18,'600008,首创股份,5.59,5.63,5.43,5.48,5.52,0.07,1.2681,74096558,411465765.0
2017-07-17,'600008,首创股份,5.52,6.02,5.4,6.01,6.0,-0.48,-8.0,130685351,736497680.0
2017-07-14,'600008,首创股份,6.0,6.12,5.97,6.0,5.99,0.01,0.1669,63355864,382533495.0
2017-07-13,'600008,首创股份,5.99,6.09,5.95,6.05,6.13,-0.14,-2.2838,77945004,469321134.0
2017-07-12,'600008,首创股份,6.13,6.21,5.83,6.16,6.16,-0.03,-0.487,157135881,946644049.0
2017-07-11,'600008,首创股份,6.16,6.43,6.14,6.4,6.41,-0.25,-3.9002,123154263,772276676.0
2017-07-10,'600008,首创股份,6.41,6.45,6.35,6.4,6.42,-0.01,-0.1558,85007040,544327312.0
2017-07-07,'600008,首创股份,6.42,6.55,6.4,6.49,6.5,-0.08,-1.2308,98896167,637912507.0
2017-07-06,'600008,首创股份,6.5,6.63,6.49,6.58,6.6,-0.1,-1.5152,95031802,621188725.0
2017-07-05,'600008,首创股份,6.6,6.63,6.48,6.61,6.63,-0.03,-0.4525,101011496,660391406.0
2017-07-04,'600008,首创股份,6.63,6.71,6.6,6.65,6.64,-0.01,-0.1506,74766451,497640854.0
2017-07-03,'600008,首创股份,6.64,6.71,6.59,6.6,6.58,0.06,0.9119,74850936,497235813.0
2017-06-30,'600008,首创股份,6.58,6.69,6.51,6.68,6.71,-0.13,-1.9374,124136844,817261808.0
2017-06-29,'600008,首创股份,6.71,6.81,6.66,6.67,6.7,0.01,0.1493,94166923,634079121.0
2017-06-28,'600008,首创股份,6.7,6.86,6.66,6.85,6.9,-0.2,-2.8986,148632907,1000077193.0
2017-06-27,'600008,首创股份,6.9,7.04,6.88,6.91,6.92,-0.02,-0.289,135763024,942842592.0
2017-06-26,'600008,首创股份,6.92,6.92,6.75,6.88,6.88,0.04,0.5814,114653491,786468101.0
2017-06-23,'600008,首创股份,6.88,6.97,6.7,6.91,6.97,-0.09,-1.2912,186710139,1276096146.0
2017-06-22,'600008,首创股份,6.97,7.34,6.95,7.25,7.23,-0.26,-3.5961,226867457,1621032556.0
2017-06-21,'600008,首创股份,7.23,7.32,7.11,7.16,7.15,0.08,1.1189,195091256,1407462958.0
2017-06-20,'600008,首创股份,7.15,7.27,7.03,7.06,7.03,0.12,1.707,270046036,1936387689.0
2017-06-19,'600008,首创股份,7.03,7.1,6.93,7.07,7.1,-0.07,-0.9859,142407352,996510907.0
2017-06-16,'600008,首创股份,7.1,7.28,6.91,6.92,6.94,0.16,2.3055,297302275,2124042758.0
2017-06-15,'600008,首创股份,6.94,7.04,6.88,6.9,6.92,0.02,0.289,123397117,857688136.0
2017-06-14,'600008,首创股份,6.92,7.11,6.91,7.05,7.08,-0.16,-2.2599,128977434,900273127.0
2017-06-13,'600008,首创股份,7.08,7.09,6.92,7.02,7.02,0.06,0.8547,138331880,970191285.0
2017-06-12,'600008,首创股份,7.02,7.19,6.88,6.9,6.97,0.05,0.7174,232778757,1646750701.0
2017-06-09,'600008,首创股份,6.97,7.06,6.79,7.0,7.03,-0.06,-0.8535,211429177,1466484660.0
2017-06-08,'600008,首创股份,7.03,7.13,6.97,7.06,7.14,-0.11,-1.5406,266280161,1872761969.0
2017-06-07,'600008,首创股份,7.14,7.26,6.57,6.58,6.6,0.54,8.1818,455686528,3203012023.0
2017-06-06,'600008,首创股份,6.6,6.67,6.44,6.58,6.63,-0.03,-0.4525,125239149,821315657.0
2017-06-05,'600008,首创股份,6.63,6.76,6.57,6.6,6.6,0.03,0.4545,121498088,810325575.0
2017-06-02,'600008,首创股份,6.6,6.68,6.4,6.43,6.45,0.15,2.3256,155341369,1019130755.0
2017-06-01,'600008,首创股份,6.45,6.93,6.41,6.87,6.96,-0.51,-7.3276,230697340,1530491355.0
2017-05-31,'600008,XD首创股,6.96,7.11,6.85,7.09,6.99,-0.03,-0.4292,165607595,1159226711.0
2017-05-26,'600008,首创股份,7.07,7.5,7.03,7.2,7.22,-0.15,-2.0776,262607852,1912840475.0
2017-05-25,'600008,首创股份,7.22,7.34,6.81,7.08,7.15,0.07,0.979,289237551,2052126688.0
2017-05-24,'600008,首创股份,7.15,7.17,6.73,6.85,7.06,0.09,1.2748,253365501,1774394658.0
2017-05-23,'600008,首创股份,7.06,7.83,6.98,7.66,7.75,-0.69,-8.9032,366030186,2715023085.0
2017-05-22,'600008,首创股份,7.75,7.9,7.41,7.61,7.76,-0.01,-0.1289,340064458,2605412246.0
2017-05-19,'600008,首创股份,7.76,7.88,7.52,7.75,7.85,-0.09,-1.1465,346571986,2672072303.0
2017-05-18,'600008,首创股份,7.85,8.28,7.53,7.95,8.11,-0.26,-3.2059,576100728,4550405072.0
2017-05-17,'600008,首创股份,8.11,8.44,7.92,8.26,7.78,0.33,4.2416,727303830,5916158431.0
2017-05-16,'600008,首创股份,7.78,7.78,6.85,6.93,7.07,0.71,10.0424,554248471,4140317661.0
2017-05-15,'600008,首创股份,7.07,7.38,7.01,7.06,7.15,-0.08,-1.1189,398835261,2856561787.0
2017-05-12,'600008,首创股份,7.15,7.47,6.59,6.72,6.79,0.36,5.3019,545403126,3843663886.0
2017-05-11,'600008,首创股份,6.79,6.85,6.36,6.48,6.43,0.36,5.5988,363068157,2401129617.0
2017-05-10,'600008,首创股份,6.43,6.95,6.32,6.88,6.94,-0.51,-7.3487,345590313,2286701500.0
2017-05-09,'600008,首创股份,6.94,7.04,6.7,6.91,6.93,0.01,0.1443,320426668,2199787824.0
2017-05-08,'600008,首创股份,6.93,7.54,6.87,7.46,7.49,-0.56,-7.4766,377131661,2730233045.0
2017-05-05,'600008,首创股份,7.49,7.7,7.22,7.55,7.7,-0.21,-2.7273,472772097,3520501934.0
2017-05-04,'600008,首创股份,7.7,7.82,6.95,6.99,7.11,0.59,8.2982,804118444,6146013110.0
2017-05-03,'600008,首创股份,7.11,7.61,7.08,7.58,7.79,-0.68,-8.7291,461936964,3389885971.0
2017-05-02,'600008,首创股份,7.79,7.84,7.28,7.51,7.51,0.28,3.7284,549642965,4156100348.0
2017-04-28,'600008,首创股份,7.51,7.65,7.21,7.24,7.38,0.13,1.7615,557054577,4150643686.0
2017-04-27,'600008,首创股份,7.38,7.94,7.31,7.45,7.22,0.16,2.2161,926721329,7069356306.0
2017-04-26,'600008,首创股份,7.22,7.22,6.32,6.38,6.56,0.66,10.061,546027782,3733705192.0
2017-04-25,'600008,首创股份,6.56,6.88,6.08,6.28,6.29,0.27,4.2925,543805524,3545056477.0
2017-04-24,'600008,首创股份,6.29,6.58,6.18,6.22,6.32,-0.03,-0.4747,364563109,2310799833.0
2017-04-21,'600008,首创股份,6.32,7.0,6.32,6.83,7.02,-0.7,-9.9715,478149711,3145480227.0
2017-04-20,'600008,首创股份,7.02,7.38,6.78,7.3,7.3,-0.28,-3.8356,484105023,3451061141.0
2017-04-19,'600008,首创股份,7.3,7.56,6.86,7.25,7.5,-0.2,-2.6667,534545250,3847500479.0
2017-04-18,'600008,首创股份,7.5,8.05,7.5,7.69,8.33,-0.83,-9.964,622225251,4776348971.0
2017-04-17,'600008,首创股份,0.0,0.0,0.0,0.0,8.33,None,None,0,0.0
2017-04-14,'600008,首创股份,0.0,0.0,0.0,0.0,8.33,None,None,0,0.0
2017-04-13,'600008,首创股份,8.33,8.33,7.58,7.6,7.57,0.76,10.0396,981078020,7836580835.0
2017-04-12,'600008,首创股份,7.57,7.57,7.48,7.57,6.88,0.69,10.0291,313692440,2374180827.0
2017-04-11,'600008,首创股份,6.88,6.88,6.88,6.88,6.25,0.63,10.08,14260411,98111628.0
2017-04-10,'600008,首创股份,6.25,6.25,6.25,6.25,5.68,0.57,10.0352,37218980,232618625.0
2017-04-07,'600008,首创股份,5.68,5.68,4.93,4.99,5.16,0.52,10.0775,364245092,1912217539.0
2017-04-06,'600008,首创股份,5.16,5.16,4.9,5.16,4.69,0.47,10.0213,576383430,2935222196.0
2017-04-05,'600008,首创股份,4.69,4.69,4.69,4.69,4.26,0.43,10.0939,69923098,327939330.0
2017-03-31,'600008,首创股份,4.26,4.26,4.22,4.22,4.22,0.04,0.9479,18290049,77639473.0
2017-03-30,'600008,首创股份,4.22,4.29,4.21,4.28,4.28,-0.06,-1.4019,28117744,119242986.0
2017-03-29,'600008,首创股份,4.28,4.31,4.26,4.27,4.28,0.0,0.0,18835884,80708299.0
2017-03-28,'600008,首创股份,4.28,4.31,4.27,4.3,4.3,-0.02,-0.4651,14762138,63236268.0
2017-03-27,'600008,首创股份,4.3,4.34,4.29,4.32,4.31,-0.01,-0.232,21498269,92683664.0
2017-03-24,'600008,首创股份,4.31,4.32,4.25,4.28,4.28,0.03,0.7009,25699434,110146720.0
2017-03-23,'600008,首创股份,4.28,4.32,4.24,4.3,4.29,-0.01,-0.2331,23269596,99708478.0
2017-03-22,'600008,首创股份,4.29,4.32,4.27,4.3,4.33,-0.04,-0.9238,23132877,99256183.0
2017-03-21,'600008,首创股份,4.33,4.35,4.28,4.3,4.31,0.02,0.464,21176516,91369620.0
2017-03-20,'600008,首创股份,4.31,4.32,4.28,4.29,4.3,0.01,0.2326,19657048,84525098.0
2017-03-17,'600008,首创股份,4.3,4.37,4.27,4.36,4.36,-0.06,-1.3761,39807023,172309830.0
2017-03-16,'600008,首创股份,4.36,4.42,4.36,4.38,4.39,-0.03,-0.6834,50362320,220383761.0
2017-03-15,'600008,首创股份,4.39,4.39,4.29,4.32,4.34,0.05,1.1521,42444072,184202263.0
2017-03-14,'600008,首创股份,4.34,4.39,4.31,4.38,4.37,-0.03,-0.6865,38283417,166133653.0
2017-03-13,'600008,首创股份,4.37,4.42,4.34,4.35,4.36,0.01,0.2294,54875380,240462413.0
2017-03-10,'600008,首创股份,4.36,4.45,4.35,4.4,4.4,-0.04,-0.9091,44928027,197369848.0
2017-03-09,'600008,首创股份,4.4,4.5,4.39,4.47,4.53,-0.13,-2.8698,81555723,361977369.0
2017-03-08,'600008,首创股份,4.53,4.71,4.23,4.28,4.28,0.25,5.8411,138593753,622993762.0
2017-03-07,'600008,首创股份,4.28,4.34,4.26,4.29,4.32,-0.04,-0.9259,39257853,168323820.0
2017-03-06,'600008,首创股份,4.32,4.44,4.29,4.36,4.33,-0.01,-0.2309,97624743,425084098.0
2017-03-03,'600008,首创股份,0.0,0.0,0.0,0.0,4.33,None,None,0,0.0
2017-03-02,'600008,首创股份,0.0,0.0,0.0,0.0,4.33,None,None,0,0.0
2017-03-01,'600008,首创股份,0.0,0.0,0.0,0.0,4.33,None,None,0,0.0
2017-02-28,'600008,首创股份,0.0,0.0,0.0,0.0,4.33,None,None,0,0.0
2017-02-27,'600008,首创股份,0.0,0.0,0.0,0.0,4.33,None,None,0,0.0
2017-02-24,'600008,首创股份,0.0,0.0,0.0,0.0,4.33,None,None,0,0.0
2017-02-23,'600008,首创股份,0.0,0.0,0.0,0.0,4.33,None,None,0,0.0
2017-02-22,'600008,首创股份,0.0,0.0,0.0,0.0,4.33,None,None,0,0.0
2017-02-21,'600008,首创股份,4.33,4.34,4.28,4.28,4.28,0.05,1.1682,54808822,236263608.0
2017-02-20,'600008,首创股份,4.28,4.31,4.25,4.26,4.25,0.03,0.7059,40964921,175475227.0
2017-02-17,'600008,首创股份,4.25,4.32,4.25,4.3,4.31,-0.06,-1.3921,32307823,138229485.0
2017-02-16,'600008,首创股份,4.31,4.32,4.25,4.29,4.29,0.02,0.4662,42935290,184195234.0
2017-02-15,'600008,首创股份,4.29,4.3,4.22,4.23,4.24,0.05,1.1792,48620552,207379970.0
2017-02-14,'600008,首创股份,4.24,4.26,4.2,4.25,4.25,-0.01,-0.2353,24833609,104891556.0
2017-02-13,'600008,首创股份,4.25,4.29,4.22,4.22,4.22,0.03,0.7109,26912272,114492228.0
2017-02-10,'600008,首创股份,4.22,4.24,4.18,4.2,4.2,0.02,0.4762,30581387,128913594.0
2017-02-09,'600008,首创股份,4.2,4.22,4.16,4.17,4.17,0.03,0.7194,30313413,127327852.0
2017-02-08,'600008,首创股份,4.17,4.17,4.14,4.14,4.15,0.02,0.4819,13969362,57979942.0
2017-02-07,'600008,首创股份,4.15,4.17,4.14,4.17,4.18,-0.03,-0.7177,10962026,45561304.0
2017-02-06,'600008,首创股份,4.18,4.18,4.14,4.15,4.15,0.03,0.7229,25962289,107990868.0
2017-02-03,'600008,首创股份,4.15,4.19,4.15,4.18,4.18,-0.03,-0.7177,6562200,27342410.0
2017-01-26,'600008,首创股份,4.18,4.19,4.17,4.17,4.17,0.01,0.2398,9822587,41055782.0
2017-01-25,'600008,首创股份,4.17,4.18,4.16,4.17,4.17,0.0,0.0,8179393,34121621.0
2017-01-24,'600008,首创股份,4.17,4.18,4.15,4.17,4.18,-0.01,-0.2392,8533515,35559193.0
2017-01-23,'600008,首创股份,4.18,4.19,4.15,4.16,4.17,0.01,0.2398,13856796,57779553.0
2017-01-20,'600008,首创股份,4.17,4.18,4.13,4.13,4.14,0.03,0.7246,11934666,49698423.0
2017-01-19,'600008,首创股份,4.14,4.17,4.13,4.14,4.15,-0.01,-0.241,8988500,37306445.0
2017-01-18,'600008,首创股份,4.15,4.18,4.12,4.14,4.15,0.0,0.0,12613285,52462522.0
2017-01-17,'600008,首创股份,4.15,4.17,4.11,4.14,4.16,-0.01,-0.2404,10398039,43052507.0
2017-01-16,'600008,首创股份,4.16,4.2,4.04,4.09,4.12,0.04,0.9709,58312046,241179926.0
2017-01-13,'600008,首创股份,4.12,4.14,4.07,4.1,4.1,0.02,0.4878,15116538,61897396.0
2017-01-12,'600008,首创股份,4.1,4.14,4.09,4.13,4.12,-0.02,-0.4854,14113949,58044477.0
2017-01-11,'600008,首创股份,4.12,4.17,4.11,4.17,4.18,-0.06,-1.4354,21827768,90324350.0
2017-01-10,'600008,首创股份,4.18,4.2,4.15,4.2,4.21,-0.03,-0.7126,20060467,83593452.0
2017-01-09,'600008,首创股份,4.21,4.21,4.15,4.19,4.19,0.02,0.4773,20244191,84575671.0
2017-01-06,'600008,首创股份,4.19,4.24,4.14,4.15,4.16,0.03,0.7212,31021833,130016159.0
2017-01-05,'600008,首创股份,4.16,4.18,4.14,4.17,4.17,-0.01,-0.2398,12915149,53690564.0
2017-01-04,'600008,首创股份,4.17,4.17,4.12,4.15,4.14,0.03,0.7246,11302581,46868881.0
2017-01-03,'600008,首创股份,4.14,4.15,4.1,4.1,4.11,0.03,0.7299,9960015,41138605.0
2016-12-30,'600008,首创股份,4.11,4.14,4.1,4.12,4.12,-0.01,-0.2427,8991370,37001216.0
2016-12-29,'600008,首创股份,4.12,4.17,4.1,4.17,4.17,-0.05,-1.199,13765931,56862607.0
2016-12-28,'600008,首创股份,4.17,4.18,4.13,4.17,4.19,-0.02,-0.4773,12463912,51793368.0
2016-12-27,'600008,首创股份,4.19,4.23,4.16,4.17,4.15,0.04,0.9639,18588065,77886398.0
2016-12-26,'600008,首创股份,4.15,4.16,4.09,4.14,4.13,0.02,0.4843,12257521,50589583.0
2016-12-23,'600008,首创股份,4.13,4.19,4.12,4.18,4.17,-0.04,-0.9592,11683887,48426685.0
2016-12-22,'600008,首创股份,4.17,4.2,4.14,4.19,4.19,-0.02,-0.4773,17251683,71762940.0
2016-12-21,'600008,首创股份,4.19,4.23,4.1,4.11,4.1,0.09,2.1951,31261407,130174647.0
2016-12-20,'600008,首创股份,4.1,4.13,4.08,4.1,4.1,0.0,0.0,12475278,51181278.0
2016-12-19,'600008,首创股份,4.1,4.12,4.08,4.11,4.1,0.0,0.0,10262848,42097891.0
2016-12-16,'600008,首创股份,4.1,4.11,4.08,4.09,4.09,0.01,0.2445,13822347,56622816.0
2016-12-15,'600008,首创股份,4.09,4.11,4.06,4.08,4.09,0.0,0.0,12982513,53031520.0
2016-12-14,'600008,首创股份,4.09,4.11,4.07,4.09,4.09,0.0,0.0,13563411,55438716.0
2016-12-13,'600008,首创股份,4.09,4.12,4.04,4.07,4.08,0.01,0.2451,18603609,75835062.0
2016-12-12,'600008,首创股份,4.08,4.25,4.07,4.23,4.23,-0.15,-3.5461,37569636,155613421.0
2016-12-09,'600008,首创股份,4.23,4.26,4.22,4.25,4.25,-0.02,-0.4706,20620011,87294079.0
2016-12-08,'600008,首创股份,4.25,4.31,4.24,4.28,4.27,-0.02,-0.4684,23982148,102430028.0
2016-12-07,'600008,首创股份,4.27,4.27,4.23,4.25,4.26,0.01,0.2347,16495972,70143968.0
2016-12-06,'600008,首创股份,4.26,4.28,4.24,4.26,4.24,0.02,0.4717,13751588,58539385.0
2016-12-05,'600008,首创股份,4.24,4.3,4.23,4.24,4.26,-0.02,-0.4695,21757105,92569264.0
2016-12-02,'600008,首创股份,4.26,4.35,4.26,4.34,4.35,-0.09,-2.069,29553027,126864977.0
2016-12-01,'600008,首创股份,4.35,4.39,4.29,4.3,4.32,0.03,0.6944,32510188,141064210.0
2016-11-30,'600008,首创股份,4.32,4.39,4.29,4.39,4.38,-0.06,-1.3699,36016996,155862981.0
2016-11-29,'600008,首创股份,4.38,4.41,4.35,4.38,4.38,0.0,0.0,44404435,194497466.0
2016-11-28,'600008,首创股份,4.38,4.41,4.35,4.4,4.41,-0.03,-0.6803,55916136,244915971.0
2016-11-25,'600008,首创股份,4.41,4.42,4.29,4.3,4.29,0.12,2.7972,87957251,385183139.0
2016-11-24,'600008,首创股份,4.29,4.34,4.28,4.31,4.31,-0.02,-0.464,20979352,90365136.0
2016-11-23,'600008,首创股份,4.31,4.36,4.3,4.34,4.35,-0.04,-0.9195,32418385,140475578.0
2016-11-22,'600008,首创股份,4.35,4.39,4.28,4.29,4.29,0.06,1.3986,45438460,197078707.0
2016-11-21,'600008,首创股份,4.29,4.3,4.26,4.28,4.28,0.01,0.2336,28336663,121379181.0
2016-11-18,'600008,首创股份,4.28,4.32,4.27,4.28,4.28,0.0,0.0,28985369,124625058.0
2016-11-17,'600008,首创股份,4.28,4.29,4.25,4.28,4.29,-0.01,-0.2331,19156268,81701985.0
2016-11-16,'600008,首创股份,4.29,4.32,4.27,4.31,4.31,-0.02,-0.464,27204022,116772458.0
2016-11-15,'600008,首创股份,4.31,4.32,4.25,4.3,4.3,0.01,0.2326,34985995,149699696.0
2016-11-14,'600008,首创股份,4.3,4.31,4.23,4.27,4.26,0.04,0.939,39724532,170320760.0
2016-11-11,'600008,首创股份,4.26,4.26,4.22,4.22,4.22,0.04,0.9479,27385798,116088238.0
2016-11-10,'600008,首创股份,4.22,4.24,4.21,4.21,4.18,0.04,0.9569,20695182,87392070.0
2016-11-09,'600008,首创股份,4.18,4.26,4.16,4.25,4.25,-0.07,-1.6471,28258640,118677743.0
2016-11-08,'600008,首创股份,4.25,4.27,4.23,4.24,4.24,0.01,0.2358,20317850,86412290.0
2016-11-07,'600008,首创股份,4.24,4.26,4.22,4.24,4.23,0.01,0.2364,14631566,62046487.0
2016-11-04,'600008,首创股份,4.23,4.26,4.22,4.24,4.24,-0.01,-0.2358,16332126,69261550.0
2016-11-03,'600008,首创股份,4.24,4.26,4.19,4.2,4.21,0.03,0.7126,19194683,81248199.0
2016-11-02,'600008,首创股份,4.21,4.28,4.2,4.27,4.29,-0.08,-1.8648,21817592,92334350.0
2016-11-01,'600008,首创股份,4.29,4.3,4.24,4.25,4.24,0.05,1.1792,17605257,75203042.0
2016-10-31,'600008,首创股份,4.24,4.26,4.2,4.25,4.25,-0.01,-0.2353,14098958,59607573.0
2016-10-28,'600008,首创股份,4.25,4.31,4.24,4.29,4.29,-0.04,-0.9324,18620677,79515967.0
2016-10-27,'600008,首创股份,4.29,4.31,4.27,4.29,4.29,0.0,0.0,16421136,70332583.0
2016-10-26,'600008,首创股份,4.29,4.37,4.28,4.37,4.36,-0.07,-1.6055,38693520,166698173.0
2016-10-25,'600008,首创股份,4.36,4.39,4.35,4.37,4.37,-0.01,-0.2288,20321423,88710857.0
2016-10-24,'600008,首创股份,4.37,4.38,4.31,4.34,4.34,0.03,0.6912,29693828,129413399.0
2016-10-21,'600008,首创股份,4.34,4.38,4.31,4.38,4.38,-0.04,-0.9132,24715372,107241020.0
2016-10-20,'600008,首创股份,4.38,4.41,4.32,4.37,4.37,0.01,0.2288,27471697,119977357.0
2016-10-19,'600008,首创股份,4.37,4.4,4.33,4.39,4.38,-0.01,-0.2283,21343035,92905322.0
2016-10-18,'600008,首创股份,4.38,4.38,4.28,4.32,4.32,0.06,1.3889,26312680,114056705.0
2016-10-17,'600008,首创股份,4.32,4.44,4.3,4.38,4.38,-0.06,-1.3699,27370487,119492400.0
2016-10-14,'600008,首创股份,4.38,4.41,4.33,4.37,4.39,-0.01,-0.2278,35775393,156288291.0
2016-10-13,'600008,首创股份,4.39,4.42,4.29,4.31,4.29,0.1,2.331,62410839,272766003.0
2016-10-12,'600008,首创股份,4.29,4.29,4.24,4.29,4.29,0.0,0.0,23016958,98185587.0
2016-10-11,'600008,首创股份,4.29,4.32,4.26,4.31,4.3,-0.01,-0.2326,25266910,108301284.0
2016-10-10,'600008,首创股份,4.3,4.31,4.21,4.21,4.19,0.11,2.6253,27454216,117145446.0
2016-09-30,'600008,首创股份,4.19,4.21,4.16,4.18,4.18,0.01,0.2392,17097346,71553343.0
2016-09-29,'600008,首创股份,4.18,4.21,4.16,4.2,4.19,-0.01,-0.2387,19749039,82625100.0
2016-09-28,'600008,首创股份,4.19,4.25,4.17,4.24,4.24,-0.05,-1.1792,19367501,81156729.0
2016-09-27,'600008,首创股份,4.24,4.24,4.13,4.19,4.21,0.03,0.7126,29925387,125091488.0
2016-09-26,'600008,首创股份,4.21,4.37,4.2,4.37,4.39,-0.18,-4.1002,44032167,188467911.0
2016-09-23,'600008,首创股份,4.39,4.45,4.38,4.41,4.39,0.0,0.0,30189451,133084026.0
2016-09-22,'600008,首创股份,4.39,4.45,4.38,4.42,4.38,0.01,0.2283,33917897,149420000.0
2016-09-21,'600008,首创股份,4.38,4.41,4.35,4.41,4.42,-0.04,-0.905,30069388,131504936.0
2016-09-20,'600008,首创股份,4.42,4.49,4.39,4.41,4.41,0.01,0.2268,41243224,183034168.0
2016-09-19,'600008,首创股份,4.41,4.42,4.36,4.38,4.37,0.04,0.9153,30019721,131763782.0
2016-09-14,'600008,首创股份,4.37,4.44,4.33,4.42,4.46,-0.09,-2.0179,46081746,202027343.0
2016-09-13,'600008,首创股份,4.46,4.5,4.39,4.44,4.4,0.06,1.3636,63099932,280625664.0
2016-09-12,'600008,首创股份,4.4,4.49,4.36,4.4,4.51,-0.11,-2.439,69043223,305283559.0
2016-09-09,'600008,首创股份,4.51,4.62,4.5,4.61,4.62,-0.11,-2.381,81843993,371376356.0
2016-09-08,'600008,首创股份,4.62,4.65,4.46,4.56,4.56,0.06,1.3158,141901879,648591052.0
2016-09-07,'600008,首创股份,4.56,4.73,4.26,4.28,4.3,0.26,6.0465,254073599,1155874717.0
2016-09-06,'600008,首创股份,4.3,4.34,4.1,4.15,4.14,0.16,3.8647,112205611,476791170.0
2016-09-05,'600008,首创股份,4.14,4.19,4.11,4.13,4.11,0.03,0.7299,25499097,105940617.0
2016-09-02,'600008,首创股份,4.11,4.15,4.09,4.1,4.1,0.01,0.2439,19746300,81230895.0
2016-09-01,'600008,首创股份,4.1,4.17,4.09,4.17,4.16,-0.06,-1.4423,29923673,123776161.0
2016-08-31,'600008,首创股份,4.16,4.21,4.14,4.19,4.2,-0.04,-0.9524,39798911,165467308.0
2016-08-30,'600008,首创股份,4.2,4.28,4.18,4.26,4.29,-0.09,-2.0979,52325193,220633146.0
2016-08-29,'600008,首创股份,4.29,4.34,4.15,4.18,4.18,0.11,2.6316,94344990,402366201.0
2016-08-26,'600008,首创股份,4.18,4.23,4.15,4.23,4.2,-0.02,-0.4762,35046387,146258337.0
2016-08-25,'600008,首创股份,4.2,4.28,4.18,4.24,4.15,0.05,1.2048,71654154,302709958.0
2016-08-24,'600008,首创股份,4.15,4.19,4.14,4.15,4.14,0.01,0.2415,17100791,71232974.0
2016-08-23,'600008,首创股份,4.14,4.17,4.11,4.16,4.16,-0.02,-0.4808,21442162,88780602.0
2016-08-22,'600008,首创股份,4.16,4.26,4.16,4.2,4.18,-0.02,-0.4785,34386062,144715852.0
2016-08-19,'600008,首创股份,4.18,4.22,4.14,4.17,4.18,0.0,0.0,28714746,119963949.0
2016-08-18,'600008,首创股份,4.18,4.22,4.16,4.2,4.19,-0.01,-0.2387,26418150,110507505.0
2016-08-17,'600008,首创股份,4.19,4.28,4.14,4.18,4.2,-0.01,-0.2381,42506119,178449136.0
2016-08-16,'600008,首创股份,4.2,4.31,4.1,4.11,4.12,0.08,1.9417,75105965,317408551.0
2016-08-15,'600008,首创股份,4.12,4.17,4.03,4.05,4.05,0.07,1.7284,76071419,312730208.0
2016-08-12,'600008,首创股份,4.05,4.06,3.95,3.96,3.96,0.09,2.2727,27864206,111977456.0
2016-08-11,'600008,首创股份,3.96,4.0,3.96,4.0,4.0,-0.04,-1.0,15171448,60425573.0
2016-08-10,'600008,首创股份,4.0,4.03,3.98,4.01,4.02,-0.02,-0.4975,18832954,75351994.0
2016-08-09,'600008,首创股份,4.02,4.06,3.93,3.95,3.95,0.07,1.7722,43068022,172995815.0
2016-08-08,'600008,首创股份,3.95,3.95,3.87,3.91,3.91,0.04,1.023,13498553,52909106.0
2016-08-05,'600008,首创股份,3.91,3.94,3.89,3.91,3.93,-0.02,-0.5089,12764674,49946575.0
2016-08-04,'600008,首创股份,3.93,3.94,3.85,3.87,3.88,0.05,1.2887,15357310,59739776.0
2016-08-03,'600008,首创股份,3.88,3.9,3.85,3.87,3.89,-0.01,-0.2571,10580050,41013547.0
2016-08-02,'600008,首创股份,3.89,3.89,3.8,3.86,3.86,0.03,0.7772,17853909,68700980.0
2016-08-01,'600008,首创股份,3.86,3.92,3.85,3.91,3.91,-0.05,-1.2788,13162443,50851130.0
2016-07-29,'600008,首创股份,3.91,3.97,3.91,3.97,3.96,-0.05,-1.2626,17259241,67777573.0
2016-07-28,'600008,首创股份,3.96,3.96,3.9,3.92,3.92,0.04,1.0204,16258484,63952178.0
2016-07-27,'600008,首创股份,3.92,4.07,3.88,4.05,4.06,-0.14,-3.4483,40611719,161346496.0
2016-07-26,'600008,首创股份,4.06,4.06,3.99,4.01,4.01,0.05,1.2469,19905746,80250372.0
2016-07-25,'600008,首创股份,4.01,4.03,3.98,3.99,3.99,0.02,0.5013,14852906,59422513.0
2016-07-22,'600008,首创股份,3.99,4.06,3.99,4.05,4.06,-0.07,-1.7241,28978845,116480609.0
2016-07-21,'600008,首创股份,4.06,4.11,4.04,4.05,4.05,0.01,0.2469,28609009,116667606.0
2016-07-20,'600008,首创股份,4.05,4.07,4.03,4.05,4.07,-0.02,-0.4914,16770053,67918293.0
2016-07-19,'600008,首创股份,4.07,4.1,4.03,4.1,4.1,-0.03,-0.7317,17013154,69058749.0
2016-07-18,'600008,首创股份,4.1,4.14,4.03,4.07,4.07,0.03,0.7371,33049940,135308900.0
2016-07-15,'600008,首创股份,4.07,4.1,4.04,4.09,4.08,-0.01,-0.2451,22710040,92452432.0
2016-07-14,'600008,首创股份,4.08,4.11,4.06,4.11,4.1,-0.02,-0.4878,18364637,74912387.0
2016-07-13,'600008,首创股份,4.1,4.12,4.06,4.07,4.06,0.04,0.9852,45546245,186484583.0
2016-07-12,'600008,首创股份,4.06,4.07,3.96,3.99,4.0,0.06,1.5,39421954,158796560.0
2016-07-11,'600008,首创股份,4.0,4.05,3.99,4.01,4.01,-0.01,-0.2494,21692460,87091872.0
2016-07-08,'600008,首创股份,4.01,4.05,3.99,4.02,4.04,-0.03,-0.7426,21403159,85864362.0
2016-07-07,'600008,首创股份,4.04,4.05,3.99,4.01,4.05,-0.01,-0.2469,29055479,116825898.0
2016-07-06,'600008,首创股份,4.05,4.09,3.97,4.0,4.0,0.05,1.25,42417154,171254370.0
2016-07-05,'600008,首创股份,4.0,4.04,3.95,3.97,3.96,0.04,1.0101,33034714,132040343.0
2016-07-04,'600008,首创股份,3.96,3.98,3.87,3.89,3.89,0.07,1.7995,28649215,113130723.0
2016-07-01,'600008,首创股份,3.89,3.92,3.87,3.89,3.89,0.0,0.0,12311757,47925086.0
2016-06-30,'600008,首创股份,3.89,3.94,3.89,3.93,3.93,-0.04,-1.0178,14906410,58312992.0
2016-06-29,'600008,首创股份,3.93,3.95,3.9,3.92,3.93,0.0,0.0,20152437,79186073.0
2016-06-28,'600008,首创股份,3.93,3.95,3.86,3.9,3.9,0.03,0.7692,20570978,80304457.0
2016-06-27,'600008,首创股份,3.9,3.92,3.83,3.85,3.87,0.03,0.7752,16511834,64363443.0
2016-06-24,'600008,首创股份,3.87,4.0,3.8,4.0,3.99,-0.12,-3.0075,28676345,112236474.0
2016-06-23,'600008,首创股份,3.99,4.01,3.84,3.88,3.91,0.08,2.046,38088750,149398610.0
2016-06-22,'600008,首创股份,3.91,3.97,3.76,3.77,3.79,0.12,3.1662,42861049,166667158.0
2016-06-21,'600008,首创股份,3.79,3.8,3.75,3.77,3.76,0.03,0.7979,17098963,64538801.0
2016-06-20,'600008,首创股份,3.76,3.79,3.72,3.78,3.78,-0.02,-0.5291,13933542,52251671.0
2016-06-17,'600008,首创股份,3.78,3.8,3.77,3.79,3.77,0.01,0.2653,16560584,62690849.0
2016-06-16,'600008,首创股份,3.77,3.83,3.75,3.83,3.84,-0.07,-1.8229,22432320,84832354.0
2016-06-15,'600008,首创股份,3.84,3.85,3.72,3.76,3.79,0.05,1.3193,26948631,102519623.0
2016-06-14,'600008,首创股份,3.79,3.82,3.76,3.78,3.78,0.01,0.2646,14427828,54612898.0
2016-06-13,'600008,首创股份,3.78,3.92,3.77,3.92,3.94,-0.16,-4.0609,22721472,87568246.0
2016-06-08,'600008,首创股份,3.94,4.0,3.94,3.98,3.97,-0.03,-0.7557,19056034,75599097.0
2016-06-07,'600008,首创股份,3.97,3.99,3.94,3.98,3.97,0.0,0.0,14803456,58716049.0
2016-06-06,'600008,首创股份,3.97,4.01,3.95,3.99,3.99,-0.02,-0.5013,15886766,63110056.0
2016-06-03,'600008,首创股份,3.99,4.02,3.96,4.0,4.0,-0.01,-0.25,22277451,88679192.0
2016-06-02,'600008,首创股份,4.0,4.02,3.96,4.0,4.01,-0.01,-0.2494,20521085,81822982.0
2016-06-01,'600008,首创股份,4.01,4.07,3.96,3.98,4.0,0.01,0.25,28495927,114682329.0
2016-05-31,'600008,首创股份,4.0,4.01,3.81,3.83,3.83,0.17,4.4386,37991079,149566821.0
2016-05-30,'600008,首创股份,3.83,3.88,3.78,3.83,3.83,0.0,0.0,14455344,55319714.0
2016-05-27,'600008,首创股份,3.83,3.87,3.79,3.86,3.87,-0.04,-1.0336,15530785,59523361.0
2016-05-26,'600008,首创股份,3.87,3.9,3.77,3.87,3.87,0.0,0.0,19147208,73191028.0
2016-05-25,'600008,首创股份,3.87,3.97,3.86,3.94,3.91,-0.04,-1.023,18541604,72528920.0
2016-05-24,'600008,首创股份,3.91,4.03,3.91,3.99,4.07,-0.16,-3.9312,29263784,115240910.0
2016-05-23,'600008,DR首创股,4.07,4.19,4.05,4.06,3.99,0.08,2.005,22407262,91863184.0
2016-05-20,'600008,首创股份,8.12,8.2,7.99,8.11,8.16,-0.04,-0.4902,15250102,123524040.0
2016-05-19,'600008,首创股份,8.16,8.28,8.12,8.22,8.17,-0.01,-0.1224,13691135,112339162.0
2016-05-18,'600008,首创股份,8.17,8.31,8.04,8.27,8.34,-0.17,-2.0384,17337144,141920379.0
2016-05-17,'600008,首创股份,8.34,8.44,8.07,8.13,7.99,0.35,4.3805,31164514,257817511.0
2016-05-16,'600008,首创股份,7.99,8.0,7.79,7.86,7.88,0.11,1.3959,7370142,58294529.0
2016-05-13,'600008,首创股份,7.88,7.94,7.78,7.88,7.88,0.0,0.0,6999026,55115683.0
2016-05-12,'600008,首创股份,7.88,7.9,7.71,7.88,7.96,-0.08,-1.005,11426197,89268252.0
2016-05-11,'600008,首创股份,7.96,8.12,7.94,8.09,7.95,0.01,0.1258,7777834,62281132.0
2016-05-10,'600008,首创股份,7.95,8.05,7.89,7.94,7.91,0.04,0.5057,9770151,77758567.0
2016-05-09,'600008,首创股份,7.91,8.18,7.86,8.17,8.22,-0.31,-3.7713,14787304,118699229.0
2016-05-06,'600008,首创股份,8.22,8.51,8.21,8.39,8.4,-0.18,-2.1429,22583794,188476776.0
2016-05-05,'600008,首创股份,8.4,8.45,8.25,8.3,8.3,0.1,1.2048,13419718,112101614.0
2016-05-04,'600008,首创股份,8.3,8.35,8.25,8.26,8.32,-0.02,-0.2404,10870732,90245588.0
2016-05-03,'600008,首创股份,8.32,8.33,8.11,8.12,8.12,0.2,2.4631,15140365,124812261.0
2016-04-29,'600008,首创股份,8.12,8.18,8.09,8.16,8.16,-0.04,-0.4902,8178655,66498917.0
2016-04-28,'600008,首创股份,8.16,8.23,8.07,8.11,8.08,0.08,0.9901,13122312,106878717.0
2016-04-27,'600008,首创股份,8.08,8.19,8.07,8.16,8.18,-0.1,-1.2225,11293416,91969325.0
2016-04-26,'600008,首创股份,8.18,8.21,8.06,8.06,8.13,0.05,0.615,12315418,100303890.0
2016-04-25,'600008,首创股份,8.13,8.3,8.08,8.3,8.11,0.02,0.2466,14701566,120212774.0
2016-04-22,'600008,首创股份,8.11,8.11,7.95,8.0,8.03,0.08,0.9963,10407673,83599931.0
2016-04-21,'600008,首创股份,8.03,8.22,8.02,8.12,8.15,-0.12,-1.4724,14458868,117650775.0
2016-04-20,'600008,首创股份,8.15,8.69,8.0,8.65,8.64,-0.49,-5.6713,30789704,255538006.0
2016-04-19,'600008,首创股份,8.64,8.69,8.57,8.63,8.59,0.05,0.5821,13314203,114917868.0
2016-04-18,'600008,首创股份,8.59,8.7,8.57,8.68,8.74,-0.15,-1.7162,16040131,138088737.0
2016-04-15,'600008,首创股份,8.74,8.84,8.68,8.7,8.7,0.04,0.4598,27617036,242181335.0
2016-04-14,'600008,首创股份,8.7,8.71,8.62,8.7,8.64,0.06,0.6944,17802337,154316370.0
2016-04-13,'600008,首创股份,8.64,8.78,8.61,8.61,8.58,0.06,0.6993,34158637,297532132.0
2016-04-12,'600008,首创股份,8.58,8.71,8.49,8.7,8.72,-0.14,-1.6055,16746775,143797255.0
2016-04-11,'600008,首创股份,8.72,8.75,8.55,8.55,8.51,0.21,2.4677,28975712,251766662.0
2016-04-08,'600008,首创股份,8.51,8.58,8.41,8.47,8.51,0.0,0.0,18669327,158597009.0
2016-04-07,'600008,首创股份,8.51,8.73,8.5,8.71,8.7,-0.19,-2.1839,25150872,216179236.0
2016-04-06,'600008,首创股份,8.7,8.73,8.58,8.68,8.73,-0.03,-0.3436,33932254,293615676.0
2016-04-05,'600008,首创股份,8.73,8.79,8.52,8.59,8.6,0.13,1.5116,43064096,374585606.0
2016-04-01,'600008,首创股份,8.6,8.66,8.41,8.46,8.46,0.14,1.6548,41017875,350015271.0
2016-03-31,'600008,首创股份,8.46,8.57,8.41,8.56,8.53,-0.07,-0.8206,43734259,370936713.0
2016-03-30,'600008,首创股份,8.53,8.57,8.13,8.3,8.34,0.19,2.2782,84284821,703025585.0
2016-03-29,'600008,首创股份,8.34,8.38,8.05,8.05,8.01,0.33,4.1199,61841904,509709317.0
2016-03-28,'600008,首创股份,8.01,8.12,7.88,8.06,8.02,-0.01,-0.1247,17722726,142175348.0
2016-03-25,'600008,首创股份,8.02,8.11,7.89,7.99,8.05,-0.03,-0.3727,17237802,137994937.0
2016-03-24,'600008,首创股份,8.05,8.22,8.01,8.13,8.23,-0.18,-2.1871,18689572,151237225.0
2016-03-23,'600008,首创股份,8.23,8.27,8.01,8.09,8.12,0.11,1.3547,23604353,192711944.0
2016-03-22,'600008,首创股份,8.12,8.2,8.06,8.17,8.26,-0.14,-1.6949,23297089,189429104.0
2016-03-21,'600008,首创股份,8.26,8.31,8.01,8.13,8.06,0.2,2.4814,37141421,303403888.0
2016-03-18,'600008,首创股份,8.06,8.09,7.86,7.92,7.89,0.17,2.1546,33722920,269849243.0
2016-03-17,'600008,首创股份,7.89,7.89,7.67,7.7,7.68,0.21,2.7344,22710358,177273949.0
2016-03-16,'600008,首创股份,7.68,7.94,7.64,7.84,7.89,-0.21,-2.6616,17783485,137845675.0
2016-03-15,'600008,首创股份,7.89,7.95,7.64,7.7,7.68,0.21,2.7344,30914889,242132394.0
2016-03-14,'600008,首创股份,7.68,7.82,7.52,7.55,7.45,0.23,3.0872,21523084,165917174.0
2016-03-11,'600008,首创股份,7.45,7.56,7.36,7.44,7.51,-0.06,-0.7989,13189015,98231445.0
2016-03-10,'600008,首创股份,7.51,7.8,7.45,7.61,7.62,-0.11,-1.4436,15757912,119802390.0
2016-03-09,'600008,首创股份,7.62,7.76,7.52,7.73,7.94,-0.32,-4.0302,26614015,202896694.0
2016-03-08,'600008,首创股份,7.94,8.02,7.58,7.99,8.05,-0.11,-1.3665,26218966,203605226.0
2016-03-07,'600008,首创股份,8.05,8.18,7.88,7.92,7.87,0.18,2.2872,26605588,213946694.0
2016-03-04,'600008,首创股份,7.87,8.29,7.77,8.15,8.28,-0.41,-4.9517,38645792,309622502.0
2016-03-03,'600008,首创股份,8.28,8.55,8.08,8.24,8.32,-0.04,-0.4808,51716850,428371209.0
2016-03-02,'600008,首创股份,8.32,8.37,7.79,7.88,7.96,0.36,4.5226,67379438,546800089.0
2016-03-01,'600008,首创股份,7.96,7.96,7.0,7.22,7.24,0.72,9.9448,52936972,398452670.0
2016-02-29,'600008,首创股份,7.24,7.98,7.24,7.88,8.04,-0.8,-9.9502,47085304,349018180.0
2016-02-26,'600008,首创股份,8.04,8.18,7.36,7.8,7.75,0.29,3.7419,69329544,543579139.0
2016-02-25,'600008,首创股份,7.75,8.26,7.55,7.6,7.61,0.14,1.8397,74988905,587666863.0
2016-02-24,'600008,首创股份,7.61,7.62,7.36,7.47,7.48,0.13,1.738,17107060,128397879.0
2016-02-23,'600008,首创股份,7.48,7.63,7.31,7.59,7.57,-0.09,-1.1889,16159108,121000372.0
2016-02-22,'600008,首创股份,7.57,7.58,7.43,7.45,7.38,0.19,2.5745,19396279,145530688.0
2016-02-19,'600008,首创股份,7.38,7.45,7.31,7.37,7.37,0.01,0.1357,9549418,70444388.0
2016-02-18,'600008,首创股份,7.37,7.53,7.34,7.46,7.41,-0.04,-0.5398,18612111,138411459.0
2016-02-17,'600008,首创股份,7.41,7.45,7.14,7.25,7.25,0.16,2.2069,20345689,148136114.0
2016-02-16,'600008,首创股份,7.25,7.28,6.96,6.99,6.95,0.3,4.3165,17515976,125687854.0
2016-02-15,'600008,首创股份,6.95,6.99,6.75,6.83,7.06,-0.11,-1.5581,10456717,71796096.0
2016-02-05,'600008,首创股份,7.06,7.16,7.04,7.1,7.09,-0.03,-0.4231,10795601,76623811.0
2016-02-04,'600008,首创股份,7.09,7.17,6.92,6.96,6.96,0.13,1.8678,14814019,104788360.0
2016-02-03,'600008,首创股份,6.96,6.96,6.78,6.89,6.95,0.01,0.1439,8622895,59182346.0
2016-02-02,'600008,首创股份,6.95,6.98,6.72,6.76,6.76,0.19,2.8107,11152481,77122281.0
2016-02-01,'600008,首创股份,6.76,6.86,6.65,6.8,6.86,-0.1,-1.4577,10392445,70182711.0
2016-01-29,'600008,首创股份,6.86,6.9,6.59,6.66,6.61,0.25,3.7821,14317013,97123991.0
2016-01-28,'600008,首创股份,6.61,7.07,6.53,6.88,6.91,-0.3,-4.3415,16149467,110285462.0
2016-01-27,'600008,首创股份,6.91,7.19,6.6,7.1,7.04,-0.13,-1.8466,18910153,129708304.0
2016-01-26,'600008,首创股份,7.04,7.8,7.04,7.77,7.82,-0.78,-9.9744,18342998,135983601.0
2016-01-25,'600008,首创股份,7.82,7.92,7.76,7.76,7.72,0.1,1.2953,8998168,70538110.0
2016-01-22,'600008,首创股份,7.72,7.78,7.6,7.7,7.62,0.1,1.3123,7523199,57975014.0
2016-01-21,'600008,首创股份,7.62,7.96,7.6,7.77,7.87,-0.25,-3.1766,14592609,113682375.0
2016-01-20,'600008,首创股份,7.87,8.08,7.84,7.95,7.96,-0.09,-1.1307,19999734,159282292.0
2016-01-19,'600008,首创股份,7.96,8.01,7.68,7.73,7.73,0.23,2.9754,13716882,108129423.0
2016-01-18,'600008,首创股份,7.73,7.87,7.38,7.6,7.69,0.04,0.5202,10124923,78177578.0
2016-01-15,'600008,首创股份,7.69,8.13,7.67,8.12,8.14,-0.45,-5.5283,13975373,110288817.0
2016-01-14,'600008,首创股份,8.14,8.17,7.71,7.75,7.97,0.17,2.133,14232752,113793387.0
2016-01-13,'600008,首创股份,7.97,8.44,7.9,8.35,8.3,-0.33,-3.9759,16948058,139189188.0
2016-01-12,'600008,首创股份,8.3,8.45,8.18,8.34,8.21,0.09,1.0962,12116944,100728097.0
2016-01-11,'600008,首创股份,8.21,8.92,8.19,8.72,8.87,-0.66,-7.4408,22719992,195574193.0
2016-01-08,'600008,首创股份,8.87,9.2,8.5,8.8,8.47,0.4,4.7226,22887511,202609083.0
2016-01-07,'600008,首创股份,8.47,9.32,8.46,9.32,9.4,-0.93,-9.8936,5414226,47683701.0
2016-01-06,'600008,首创股份,9.4,9.45,9.21,9.28,9.25,0.15,1.6216,12115367,113144511.0
2016-01-05,'600008,首创股份,9.25,9.45,8.85,8.9,9.2,0.05,0.5435,22143668,203657021.0
2016-01-04,'600008,首创股份,9.2,10.26,9.18,10.22,10.19,-0.99,-9.7154,12829473,126455654.0
